,None,ticker,date,open,high,low,close,volume
0,249,TEAM,2023-04-03,169.32,170.67,161.79,163.92,1346899.0
1,248,TEAM,2023-04-04,164.64,169.5,164.2201,166.49,1125906.0
2,247,TEAM,2023-04-05,165.37,165.56,156.59,156.99,1534931.0
3,246,TEAM,2023-04-06,155.46,158.72,148.68,158.54,1577370.0
4,245,TEAM,2023-04-10,155.61,159.25,147.96,158.92,1835857.0
5,244,TEAM,2023-04-11,156.71,164.94,156.71,162.88,2001680.0
6,243,TEAM,2023-04-12,167.75,168.205,158.32,158.55,2070450.0
7,242,TEAM,2023-04-13,160.19,168.57,159.085,168.09,1566886.0
8,241,TEAM,2023-04-14,165.76,167.86,159.65,165.53,1301220.0
9,240,TEAM,2023-04-17,166.44,167.7399,161.44,166.42,1251255.0
10,239,TEAM,2023-04-18,169.0,170.2,161.45,162.32,1321468.0
11,238,TEAM,2023-04-19,159.7,164.4,159.63,162.77,1396590.0
12,237,TEAM,2023-04-20,159.7,162.2399,156.8101,157.25,1454738.0
13,236,TEAM,2023-04-21,158.25,159.11,155.16,158.55,1143073.0
14,235,TEAM,2023-04-24,157.85,158.46,154.19,154.81,933661.0
15,234,TEAM,2023-04-25,152.69,153.1,142.86,143.06,2202025.0
16,233,TEAM,2023-04-26,145.63,152.99,145.41,151.74,1841436.0
17,232,TEAM,2023-04-27,154.24,156.43,152.03,153.77,1454810.0
18,231,TEAM,2023-04-28,150.4,150.51,146.0,147.66,1980770.0
19,230,TEAM,2023-05-01,146.12,150.615,142.29,149.55,1597496.0
20,229,TEAM,2023-05-02,150.47,150.605,146.35,147.16,1063354.0
21,228,TEAM,2023-05-03,147.16,148.4384,144.72,145.14,1809915.0
22,227,TEAM,2023-05-04,146.99,151.51,145.88,150.05,3272617.0
23,226,TEAM,2023-05-05,134.5,138.45,130.07,135.73,7384802.0
24,225,TEAM,2023-05-08,135.73,139.335,129.54,130.01,4913592.0
25,224,TEAM,2023-05-09,128.95,134.4,128.02,133.15,2842483.0
26,223,TEAM,2023-05-10,134.93,138.63,133.74,137.42,2625912.0
27,222,TEAM,2023-05-11,137.0,137.22,135.05,135.68,1633996.0
28,221,TEAM,2023-05-12,135.4,135.94,132.32,135.02,1564379.0
29,220,TEAM,2023-05-15,135.02,146.0399,134.88,145.36,2860153.0
30,219,TEAM,2023-05-16,144.16,144.35,138.8,139.22,1883096.0
31,218,TEAM,2023-05-17,139.54,144.75,137.125,144.04,1725843.0
32,217,TEAM,2023-05-18,143.95,148.93,143.875,148.08,1794416.0
33,216,TEAM,2023-05-19,147.33,147.67,144.59,146.99,1705227.0
34,215,TEAM,2023-05-22,146.22,161.18,145.205,158.38,3093274.0
35,214,TEAM,2023-05-23,157.49,163.55,157.13,159.41,2267806.0
36,213,TEAM,2023-05-24,156.99,162.38,156.05,160.64,1615899.0
37,212,TEAM,2023-05-25,162.6,165.71,158.58,158.88,1873780.0
38,211,TEAM,2023-05-26,160.0,170.0,159.555,166.15,2086809.0
39,210,TEAM,2023-05-30,166.6,169.63,164.74,168.85,1423306.0
40,209,TEAM,2023-05-31,166.99,182.81,166.99,180.79,5654492.0
41,208,TEAM,2023-06-01,174.17,181.46,171.01,177.26,2465817.0
42,207,TEAM,2023-06-02,181.36,186.82,179.34,183.9,2247470.0
43,206,TEAM,2023-06-05,183.72,183.72,178.6,183.27,1376827.0
44,205,TEAM,2023-06-06,184.43,192.45,182.61,184.0,2176820.0
45,204,TEAM,2023-06-07,185.03,186.04,170.98,171.34,3088280.0
46,203,TEAM,2023-06-08,170.16,171.62,163.46,170.39,2659992.0
47,202,TEAM,2023-06-09,170.99,174.07,168.85,171.99,2403952.0
48,201,TEAM,2023-06-12,172.91,176.39,171.63,175.84,1942264.0
49,200,TEAM,2023-06-13,181.19,182.84,176.66,181.685,2416769.0
50,199,TEAM,2023-06-14,181.31,183.5891,178.29,181.23,1510690.0
51,198,TEAM,2023-06-15,178.9,183.9,177.3,182.19,1475862.0
52,197,TEAM,2023-06-16,183.12,183.12,175.7,177.8,2614724.0
53,196,TEAM,2023-06-20,176.51,179.46,174.71,175.83,1230794.0
54,195,TEAM,2023-06-21,175.12,176.39,168.0,168.38,1621327.0
55,194,TEAM,2023-06-22,167.3,170.61,164.91,169.91,1028399.0
56,193,TEAM,2023-06-23,165.96,166.745,161.9,162.41,2036206.0
57,192,TEAM,2023-06-26,161.94,165.67,158.43,158.54,1686591.0
58,191,TEAM,2023-06-27,160.0,163.38,156.44,161.88,1405224.0
59,190,TEAM,2023-06-28,161.55,169.435,160.2,166.89,1915229.0
60,189,TEAM,2023-06-29,165.37,165.95,160.51,161.64,1299448.0
61,188,TEAM,2023-06-30,163.85,168.71,163.43,167.81,1374488.0
62,187,TEAM,2023-07-03,168.17,170.7799,165.43,167.59,587037.0
63,186,TEAM,2023-07-05,166.71,173.61,164.975,172.76,1661543.0
64,185,TEAM,2023-07-06,168.19,168.445,162.59,165.84,1299892.0
65,184,TEAM,2023-07-07,165.57,173.43,165.57,169.45,1145309.0
66,183,TEAM,2023-07-10,168.13,173.8849,165.631,173.49,1174522.0
67,182,TEAM,2023-07-11,174.82,176.32,170.47,174.52,942825.0
68,181,TEAM,2023-07-12,175.58,176.4085,171.29,175.34,1637599.0
69,180,TEAM,2023-07-13,176.99,180.14,173.91,177.96,1386082.0
70,179,TEAM,2023-07-14,178.57,191.49,178.485,178.97,3021725.0
71,178,TEAM,2023-07-17,179.76,184.52,174.22,180.43,1594396.0
72,177,TEAM,2023-07-18,180.85,188.81,180.28,187.45,1391949.0
73,176,TEAM,2023-07-19,189.41,195.99,186.69,188.58,2050927.0
74,175,TEAM,2023-07-20,185.94,186.01,174.23,175.64,2468966.0
75,174,TEAM,2023-07-21,176.98,178.938,173.22,174.42,4096861.0
76,173,TEAM,2023-07-24,176.74,177.37,171.53,173.09,1535282.0
77,172,TEAM,2023-07-25,173.44,180.49,173.44,177.93,1217732.0
78,171,TEAM,2023-07-26,175.0,179.01,172.285,176.65,1158662.0
79,170,TEAM,2023-07-27,181.22,181.65,169.83,170.56,1439758.0
80,169,TEAM,2023-07-28,173.49,175.54,169.085,174.21,1773499.0
81,168,TEAM,2023-07-31,174.89,183.5,174.76,181.94,1529660.0
82,167,TEAM,2023-08-01,178.63,183.86,175.69,181.65,1099151.0
83,166,TEAM,2023-08-02,176.71,176.71,168.01,169.7,1921282.0
84,165,TEAM,2023-08-03,168.15,170.77,166.9915,169.65,2171033.0
85,164,TEAM,2023-08-04,210.91,211.648,197.11,198.84,5187622.0
86,163,TEAM,2023-08-07,197.52,198.0,188.76,193.52,2395750.0
87,162,TEAM,2023-08-08,189.02,197.91,188.26,196.13,1872649.0
88,161,TEAM,2023-08-09,196.0,196.9999,191.28,192.34,1431027.0
89,160,TEAM,2023-08-10,194.2,202.6399,193.38,197.47,1670897.0
90,159,TEAM,2023-08-11,195.66,200.2699,195.13,197.66,999829.0
91,158,TEAM,2023-08-14,195.2,202.78,194.7416,199.87,1217709.0
92,157,TEAM,2023-08-15,197.31,199.39,192.06,193.13,1465945.0
93,156,TEAM,2023-08-16,191.34,194.76,186.84,186.97,1266558.0
94,155,TEAM,2023-08-17,186.97,187.0,181.85,185.34,1328743.0
95,154,TEAM,2023-08-18,181.81,187.68,179.59,186.3,957770.0
96,153,TEAM,2023-08-21,187.02,187.49,182.59,184.15,1590475.0
97,152,TEAM,2023-08-22,184.72,191.08,184.03,190.04,1012944.0
98,151,TEAM,2023-08-23,190.0,194.63,189.53,191.69,1272498.0
99,150,TEAM,2023-08-24,193.34,193.34,183.69,184.02,1212459.0
100,149,TEAM,2023-08-25,184.11,191.6,183.78,191.02,1019623.0
101,148,TEAM,2023-08-28,191.61,193.96,189.83,191.4,705483.0
102,147,TEAM,2023-08-29,191.16,199.81,189.69,198.9,1066591.0
103,146,TEAM,2023-08-30,198.78,202.8397,197.3,202.26,918374.0
104,145,TEAM,2023-08-31,202.0,206.22,201.7,204.06,1153823.0
105,144,TEAM,2023-09-01,203.41,207.42,202.39,204.45,784201.0
106,143,TEAM,2023-09-05,203.57,207.11,199.905,205.91,916032.0
107,142,TEAM,2023-09-06,205.0,208.5,203.79,206.4,856293.0
108,141,TEAM,2023-09-07,200.0,209.32,200.0,206.92,1164252.0
109,140,TEAM,2023-09-08,207.3,208.1499,204.06,206.6,993012.0
110,139,TEAM,2023-09-11,209.44,215.14,208.17,214.03,1480461.0
111,138,TEAM,2023-09-12,211.31,215.77,210.32,211.22,961090.0
112,137,TEAM,2023-09-13,210.87,212.99,208.25,208.89,674164.0
113,136,TEAM,2023-09-14,209.87,210.35,206.06,209.4,669820.0
114,135,TEAM,2023-09-15,208.44,208.44,200.545,203.03,1966809.0
115,134,TEAM,2023-09-18,202.01,208.6,202.01,204.88,1114372.0
116,133,TEAM,2023-09-19,204.62,205.95,199.86,205.36,687841.0
117,132,TEAM,2023-09-20,207.11,208.92,200.54,200.82,750595.0
118,131,TEAM,2023-09-21,196.34,197.85,189.3,189.95,1538186.0
119,130,TEAM,2023-09-22,190.48,197.5886,190.48,195.46,1064641.0
120,129,TEAM,2023-09-25,194.13,197.05,193.32,196.46,720807.0
121,128,TEAM,2023-09-26,194.65,196.775,189.74,191.4,1089700.0
122,127,TEAM,2023-09-27,192.92,200.65,192.92,197.52,1133464.0
123,126,TEAM,2023-09-28,194.97,200.52,192.6,196.94,1017736.0
124,125,TEAM,2023-09-29,199.6,203.865,199.2101,201.51,957612.0
125,124,TEAM,2023-10-02,201.8,201.82,195.815,197.46,1192446.0
126,123,TEAM,2023-10-03,193.49,198.3369,189.42,190.62,1089703.0
127,122,TEAM,2023-10-04,192.26,194.21,189.46,189.84,1239054.0
128,121,TEAM,2023-10-05,189.82,191.24,184.235,187.85,1447076.0
129,120,TEAM,2023-10-06,184.38,201.8,184.38,199.21,1448043.0
130,119,TEAM,2023-10-09,197.65,202.63,196.51,202.58,774450.0
131,118,TEAM,2023-10-10,202.58,208.86,202.42,206.0,1105933.0
132,117,TEAM,2023-10-11,207.85,208.43,198.74,199.45,1403234.0
133,116,TEAM,2023-10-12,193.0,193.29,184.97,186.4,3012468.0
134,115,TEAM,2023-10-13,186.56,190.5,186.2225,188.31,2320450.0
135,114,TEAM,2023-10-16,188.7,199.5,188.68,196.27,1711353.0
136,113,TEAM,2023-10-17,193.3,201.56,192.69,197.79,1512265.0
137,112,TEAM,2023-10-18,197.55,198.93,191.8074,194.01,1117373.0
138,111,TEAM,2023-10-19,196.58,200.58,191.41,192.4,1067734.0
139,110,TEAM,2023-10-20,191.19,191.19,181.82,187.07,1632134.0
140,109,TEAM,2023-10-23,184.42,188.66,181.36,185.96,1007042.0
141,108,TEAM,2023-10-24,188.74,190.8299,185.99,190.6,858790.0
142,107,TEAM,2023-10-25,186.86,187.525,177.1,178.59,1581264.0
143,106,TEAM,2023-10-26,179.61,181.66,174.26,176.02,1316624.0
144,105,TEAM,2023-10-27,178.78,179.9699,174.01,176.46,825434.0
145,104,TEAM,2023-10-30,178.81,179.64,173.5812,177.99,973173.0
146,103,TEAM,2023-10-31,177.72,182.29,175.6881,180.64,1227151.0
147,102,TEAM,2023-11-01,180.7,181.55,175.35,177.85,1702073.0
148,101,TEAM,2023-11-02,183.08,183.59,179.1,181.4,3235081.0
149,100,TEAM,2023-11-03,168.24,180.74,165.51,176.9,4143409.0
150,99,TEAM,2023-11-06,177.5,178.3,170.26,173.55,1526461.0
151,98,TEAM,2023-11-07,176.6,182.775,173.29,178.93,1522011.0
152,97,TEAM,2023-11-08,179.18,179.18,172.33,174.48,1227958.0
153,96,TEAM,2023-11-09,174.99,175.86,169.84,170.84,1404484.0
154,95,TEAM,2023-11-10,171.55,176.9319,169.09,176.29,1269541.0
155,94,TEAM,2023-11-13,174.19,176.64,173.5,175.04,1199882.0
156,93,TEAM,2023-11-14,180.66,186.665,180.0,186.2,1760631.0
157,92,TEAM,2023-11-15,186.43,191.37,185.36,187.32,1833920.0
158,91,TEAM,2023-11-16,186.29,187.75,183.06,186.5,1214643.0
159,90,TEAM,2023-11-17,185.82,186.49,182.57,184.99,972748.0
160,89,TEAM,2023-11-20,184.51,190.42,184.51,186.1,1348663.0
161,88,TEAM,2023-11-21,183.61,186.6,181.88,185.07,1005592.0
162,87,TEAM,2023-11-22,185.63,186.0,180.36,180.55,1035424.0
163,86,TEAM,2023-11-24,179.74,181.895,178.63,181.59,477904.0
164,85,TEAM,2023-11-27,180.53,183.9225,180.06,180.32,1207070.0
165,84,TEAM,2023-11-28,179.5,189.88,179.45,188.41,1996726.0
166,83,TEAM,2023-11-29,190.29,199.36,189.485,195.55,2300321.0
167,82,TEAM,2023-11-30,196.79,200.33,188.88,190.95,1786174.0
168,81,TEAM,2023-12-01,190.25,195.57,189.185,195.11,1102437.0
169,80,TEAM,2023-12-04,193.39,194.9296,187.79,194.43,1633049.0
170,79,TEAM,2023-12-05,194.54,194.61,188.84,190.7,1348887.0
171,78,TEAM,2023-12-06,191.66,192.68,188.17,188.72,1252951.0
172,77,TEAM,2023-12-07,188.92,190.0299,186.21,187.85,846287.0
173,76,TEAM,2023-12-08,185.75,193.39,184.5,192.36,1102953.0
174,75,TEAM,2023-12-11,193.43,199.15,193.02,198.59,1533336.0
175,74,TEAM,2023-12-12,199.09,202.03,195.19,202.0,1865989.0
176,73,TEAM,2023-12-13,203.53,217.7,202.79,215.14,2828101.0
177,72,TEAM,2023-12-14,219.59,225.31,217.52,221.92,2854868.0
178,71,TEAM,2023-12-15,223.79,231.16,223.35,229.56,4356608.0
179,70,TEAM,2023-12-18,228.64,231.6,227.25,228.56,1357154.0
180,69,TEAM,2023-12-19,229.3,235.0,229.1601,233.07,1672838.0
181,68,TEAM,2023-12-20,233.07,238.9,230.09,237.6,2585811.0
182,67,TEAM,2023-12-21,240.0,245.33,238.2,245.03,1759196.0
183,66,TEAM,2023-12-22,247.45,248.0,238.65,240.8,1864747.0
184,65,TEAM,2023-12-26,243.12,247.84,241.63,245.05,1174240.0
185,64,TEAM,2023-12-27,245.95,247.645,242.44,243.06,1100609.0
186,63,TEAM,2023-12-28,242.97,242.97,240.2301,241.22,729612.0
187,62,TEAM,2023-12-29,241.22,242.7,237.08,237.86,849425.0
188,61,TEAM,2024-01-02,235.01,235.185,225.3,226.67,1957899.0
189,60,TEAM,2024-01-03,223.0,223.33,219.3101,220.05,1289289.0
190,59,TEAM,2024-01-04,220.29,224.37,218.85,222.82,1369197.0
191,58,TEAM,2024-01-05,221.68,230.67,221.68,226.1,1220689.0
192,57,TEAM,2024-01-08,227.93,236.57,227.87,235.59,1096430.0
193,56,TEAM,2024-01-09,231.61,238.62,231.58,235.3,853545.0
194,55,TEAM,2024-01-10,236.36,244.82,235.5,244.21,1405991.0
195,54,TEAM,2024-01-11,245.73,249.08,240.3932,242.16,1231245.0
196,53,TEAM,2024-01-12,243.43,243.43,235.88,237.0,1260682.0
197,52,TEAM,2024-01-16,237.89,244.015,233.24,240.56,1539376.0
198,51,TEAM,2024-01-17,237.7,238.53,231.92,236.97,1389484.0
199,50,TEAM,2024-01-18,240.58,241.92,236.5,239.42,1086309.0
200,49,TEAM,2024-01-19,240.55,243.4751,238.0,242.96,1021566.0
201,48,TEAM,2024-01-22,249.0,253.83,244.57,245.59,2281158.0
202,47,TEAM,2024-01-23,248.12,248.8799,243.83,248.45,1580054.0
203,46,TEAM,2024-01-24,254.09,254.09,242.66,243.08,1400889.0
204,45,TEAM,2024-01-25,246.73,247.08,240.2,244.35,1644746.0
205,44,TEAM,2024-01-26,242.32,249.4999,241.14,247.79,1421412.0
206,43,TEAM,2024-01-29,246.63,257.15,246.63,255.67,1805361.0
207,42,TEAM,2024-01-30,254.8,258.69,252.96,257.43,1502972.0
208,41,TEAM,2024-01-31,252.98,257.0,248.34,249.77,2039789.0
209,40,TEAM,2024-02-01,253.5,256.88,250.93,254.9,2194437.0
210,39,TEAM,2024-02-02,230.13,231.5586,211.05,217.39,9307594.0
211,38,TEAM,2024-02-05,216.52,220.4315,213.0972,215.05,2867001.0
212,37,TEAM,2024-02-06,216.14,216.47,205.83,211.26,2712928.0
213,36,TEAM,2024-02-07,214.11,215.695,208.5,209.46,1584128.0
214,35,TEAM,2024-02-08,208.84,216.39,208.84,212.29,2031855.0
215,34,TEAM,2024-02-09,214.33,220.99,211.245,218.76,2075465.0
216,33,TEAM,2024-02-12,218.26,221.0,216.09,216.17,1112888.0
217,32,TEAM,2024-02-13,205.0,213.87,203.2701,210.07,1717774.0
218,31,TEAM,2024-02-14,212.4,216.09,209.31,215.89,1290732.0
219,30,TEAM,2024-02-15,215.9,216.65,212.24,213.12,1794692.0
220,29,TEAM,2024-02-16,212.33,214.0,207.19,207.84,1327020.0
221,28,TEAM,2024-02-20,205.55,206.49,201.0501,204.78,1764883.0
222,27,TEAM,2024-02-21,201.01,205.51,199.95,204.11,1405600.0
223,26,TEAM,2024-02-22,209.1,210.38,204.2,205.43,1075786.0
224,25,TEAM,2024-02-23,205.5,207.49,204.33,204.44,822901.0
225,24,TEAM,2024-02-26,203.76,207.1,201.59,204.66,896380.0
226,23,TEAM,2024-02-27,205.82,208.65,204.15,205.82,769324.0
227,22,TEAM,2024-02-28,203.62,208.49,202.0,207.05,1133245.0
228,21,TEAM,2024-02-29,205.66,209.44,205.0,207.42,1784396.0
229,20,TEAM,2024-03-01,207.42,209.41,204.29,209.2,1561792.0
230,19,TEAM,2024-03-04,209.48,209.48,203.37,207.6,1033987.0
231,18,TEAM,2024-03-05,203.95,205.23,193.47,196.33,1698518.0
232,17,TEAM,2024-03-06,199.94,200.87,194.08,198.14,1062154.0
233,16,TEAM,2024-03-07,200.0,203.6,195.65,202.96,1470259.0
234,15,TEAM,2024-03-08,204.4,211.075,204.4,208.8,1780819.0
235,14,TEAM,2024-03-11,210.37,216.64,208.95,215.63,1695350.0
236,13,TEAM,2024-03-12,215.68,217.82,213.295,217.36,1165559.0
237,12,TEAM,2024-03-13,215.49,215.5,207.49,207.73,2225851.0
238,11,TEAM,2024-03-14,207.34,207.34,200.69,202.7,1827094.0
239,10,TEAM,2024-03-15,201.05,203.08,194.0,194.43,3153370.0
240,9,TEAM,2024-03-18,196.12,198.45,195.0,197.01,1862694.0
241,8,TEAM,2024-03-19,193.07,197.4,189.865,196.43,2295016.0
242,7,TEAM,2024-03-20,195.09,196.69,193.22,196.22,2656137.0
243,6,TEAM,2024-03-21,199.55,201.0658,196.86,197.26,1644959.0
244,5,TEAM,2024-03-22,196.45,196.545,191.27,192.53,2225155.0
245,4,TEAM,2024-03-25,191.94,194.13,189.5,193.265,2221941.0
246,3,TEAM,2024-03-26,195.1,195.1,191.65,192.0,1673933.0
247,2,TEAM,2024-03-27,194.01,194.365,191.14,193.14,918820.0
248,1,TEAM,2024-03-28,192.79,195.6,191.35,195.11,1120678.0
249,0,TEAM,2024-04-01,195.2,196.4,192.32,193.37,921668.0
